/*
SQLyog Ultimate v11.11 (32 bit)
MySQL - 5.5.5-10.1.19-MariaDB : Database - k2730383_simpro
*********************************************************************
*/

/*!40101 SET NAMES utf8 */;

/*!40101 SET SQL_MODE=''*/;

/*!40014 SET @OLD_UNIQUE_CHECKS=@@UNIQUE_CHECKS, UNIQUE_CHECKS=0 */;
/*!40014 SET @OLD_FOREIGN_KEY_CHECKS=@@FOREIGN_KEY_CHECKS, FOREIGN_KEY_CHECKS=0 */;
/*!40101 SET @OLD_SQL_MODE=@@SQL_MODE, SQL_MODE='NO_AUTO_VALUE_ON_ZERO' */;
/*!40111 SET @OLD_SQL_NOTES=@@SQL_NOTES, SQL_NOTES=0 */;
CREATE DATABASE /*!32312 IF NOT EXISTS*/`k2730383_simpro` /*!40100 DEFAULT CHARACTER SET latin1 */;

USE `k2730383_simpro`;

/*Table structure for table `about` */

DROP TABLE IF EXISTS `about`;

CREATE TABLE `about` (
  `id` int(11) NOT NULL AUTO_INCREMENT,
  `content` text NOT NULL,
  `created` int(11) DEFAULT '0',
  `modified` int(11) DEFAULT '0',
  `created_by` int(11) DEFAULT '1',
  `modified_by` int(11) DEFAULT '1',
  PRIMARY KEY (`id`)
) ENGINE=MyISAM AUTO_INCREMENT=2 DEFAULT CHARSET=utf8;

/*Data for the table `about` */

insert  into `about`(`id`,`content`,`created`,`modified`,`created_by`,`modified_by`) values (1,'<br>',1434935892,1469517931,2,25);

/*Table structure for table `backend_menu` */

DROP TABLE IF EXISTS `backend_menu`;

CREATE TABLE `backend_menu` (
  `id` int(11) NOT NULL AUTO_INCREMENT,
  `sort` int(11) NOT NULL DEFAULT '0',
  `parent` int(11) NOT NULL,
  `name` varchar(255) NOT NULL DEFAULT '',
  `url` varchar(255) NOT NULL DEFAULT '',
  `icon` varchar(100) NOT NULL DEFAULT '',
  `created` int(11) DEFAULT '0',
  `modified` int(11) DEFAULT '0',
  `created_by` int(11) DEFAULT '1',
  `modified_by` int(11) DEFAULT '1',
  PRIMARY KEY (`id`)
) ENGINE=MyISAM AUTO_INCREMENT=112 DEFAULT CHARSET=utf8;

/*Data for the table `backend_menu` */

insert  into `backend_menu`(`id`,`sort`,`parent`,`name`,`url`,`icon`,`created`,`modified`,`created_by`,`modified_by`) values (1,1,0,'Dashboard','dashboard','',1385311840,1423496435,1,1),(5,3,0,'Settings','-','',1385311840,1473233729,1,2),(8,3,5,'Backend Menu','menu','',0,0,1,1),(9,4,5,'Backend Menu Access','menu_access','',1432699816,1432702654,1,1),(2,2,0,'Master','master','',1433211715,1473230752,1,2),(3,1,2,'Store','store','',1433259065,1442421084,1,2),(4,2,2,'Paket/Product','product','',1433259082,1442421114,1,2),(7,2,5,'Usergroup','member/usergroup','',0,0,1,1),(6,1,5,'User/Member','member','',0,0,1,1),(10,2,0,'Simpro Registration','simpro_registration','',0,0,1,1);

/*Table structure for table `backend_menu_access` */

DROP TABLE IF EXISTS `backend_menu_access`;

CREATE TABLE `backend_menu_access` (
  `id` int(11) NOT NULL AUTO_INCREMENT,
  `usergroup_id` int(11) NOT NULL,
  `backend_menu_id` int(11) NOT NULL,
  `view` tinyint(11) NOT NULL DEFAULT '0',
  `add` tinyint(11) NOT NULL DEFAULT '0',
  `edit` tinyint(11) NOT NULL DEFAULT '0',
  `delete` tinyint(11) NOT NULL DEFAULT '0',
  `created` int(11) DEFAULT '0',
  `modified` int(11) DEFAULT '0',
  `created_by` int(11) DEFAULT '1',
  `modified_by` int(11) DEFAULT '1',
  PRIMARY KEY (`id`),
  KEY `backend_menu_id` (`backend_menu_id`),
  KEY `usergroup_id` (`usergroup_id`)
) ENGINE=MyISAM AUTO_INCREMENT=16 DEFAULT CHARSET=utf8;

/*Data for the table `backend_menu_access` */

insert  into `backend_menu_access`(`id`,`usergroup_id`,`backend_menu_id`,`view`,`add`,`edit`,`delete`,`created`,`modified`,`created_by`,`modified_by`) values (1,2,1,1,1,1,1,0,0,1,1),(2,2,2,0,0,0,0,0,0,1,1),(3,2,3,0,0,0,0,0,0,1,1),(4,2,4,0,0,0,0,0,0,1,1),(5,2,5,1,1,1,1,0,0,1,1),(6,2,6,1,1,1,1,0,0,1,1),(7,2,7,1,1,1,1,0,0,1,1),(8,2,8,1,1,1,1,0,0,1,1),(9,2,9,1,1,1,1,0,0,1,1),(10,2,10,1,1,1,1,0,0,1,1),(12,5,1,1,1,1,1,0,0,1,1),(13,5,10,1,1,0,0,0,0,1,1),(14,3,1,1,1,1,1,0,0,1,1),(15,3,10,1,1,0,0,0,0,1,1);

/*Table structure for table `category` */

DROP TABLE IF EXISTS `category`;

CREATE TABLE `category` (
  `id` int(11) NOT NULL AUTO_INCREMENT,
  `category_name` varchar(100) NOT NULL,
  `description` varchar(255) NOT NULL DEFAULT '',
  `created` int(11) DEFAULT '0',
  `modified` int(11) DEFAULT '0',
  `created_by` int(11) DEFAULT '1',
  `modified_by` int(11) DEFAULT '1',
  PRIMARY KEY (`id`),
  KEY `province_id` (`category_name`)
) ENGINE=MyISAM AUTO_INCREMENT=3 DEFAULT CHARSET=utf8;

/*Data for the table `category` */

insert  into `category`(`id`,`category_name`,`description`,`created`,`modified`,`created_by`,`modified_by`) values (1,'Bangun Rumah','Membangun',0,1464276548,1,2),(2,'Renov Rumah','Merenov',0,1464276567,1,2);

/*Table structure for table `ci_sessions` */

DROP TABLE IF EXISTS `ci_sessions`;

CREATE TABLE `ci_sessions` (
  `session_id` varchar(40) NOT NULL DEFAULT '0',
  `ip_address` varchar(16) NOT NULL DEFAULT '0',
  `user_agent` varchar(50) NOT NULL,
  `last_activity` int(10) unsigned NOT NULL DEFAULT '0',
  `user_data` text NOT NULL,
  PRIMARY KEY (`session_id`)
) ENGINE=MyISAM DEFAULT CHARSET=latin1;

/*Data for the table `ci_sessions` */

insert  into `ci_sessions`(`session_id`,`ip_address`,`user_agent`,`last_activity`,`user_data`) values ('3858af799a07a262c27bb81ece2341ea','210.210.182.42','Mozilla/5.0 (Windows NT 10.0; WOW64) AppleWebKit/5',1455677842,''),('54588a805c2299169381cdf861a63686','210.210.182.42','Mozilla/5.0 (Windows NT 10.0; WOW64) AppleWebKit/5',1455677842,''),('c464cd2f0052c06983e538e3933a0c07','210.210.182.42','Mozilla/5.0 (Windows NT 10.0; WOW64) AppleWebKit/5',1455677847,'a:6:{s:9:\"user_data\";s:0:\"\";s:8:\"is_login\";i:1;s:7:\"user_id\";s:1:\"2\";s:5:\"level\";s:1:\"2\";s:5:\"email\";s:20:\"admin@mitrarenov.com\";s:4:\"name\";s:16:\"Admin MitraRenov\";}'),('c2bdee1dbbeb717cb9a9b68e6bf6656a','210.210.182.42','Mozilla/5.0 (Windows NT 10.0; WOW64) AppleWebKit/5',1455677847,''),('b58a30b499a70a218a1560f703434563','210.210.182.42','Mozilla/5.0 (Windows NT 10.0; WOW64) AppleWebKit/5',1455677847,''),('0bbf3bea06f37be17e1f6f7da047c349','210.210.182.42','Mozilla/5.0 (Windows NT 10.0; WOW64) AppleWebKit/5',1455677868,''),('1f81a04ed9dd3a4cba15c2180f43527f','210.210.182.42','Mozilla/5.0 (Windows NT 10.0; WOW64) AppleWebKit/5',1455677877,'a:6:{s:9:\"user_data\";s:0:\"\";s:8:\"is_login\";i:1;s:7:\"user_id\";s:1:\"2\";s:5:\"level\";s:1:\"2\";s:5:\"email\";s:20:\"admin@mitrarenov.com\";s:4:\"name\";s:16:\"Admin MitraRenov\";}'),('242b6b4ae81d647eb1aeab20adceb48d','210.210.182.42','Mozilla/5.0 (Windows NT 10.0; WOW64) AppleWebKit/5',1455677877,''),('fbcf26a06df14622b9ff06e341f7a089','210.210.182.42','Mozilla/5.0 (Windows NT 10.0; WOW64) AppleWebKit/5',1455677877,''),('0bde1b4579c3171b9a58acfb27d03d46','210.210.182.42','Mozilla/5.0 (Windows NT 10.0; WOW64) AppleWebKit/5',1455677882,''),('ffcc4b1b585e324647ac04f0a8ccaaeb','210.210.182.42','Mozilla/5.0 (Windows NT 10.0; WOW64) AppleWebKit/5',1455677891,'a:6:{s:9:\"user_data\";s:0:\"\";s:8:\"is_login\";i:1;s:7:\"user_id\";s:1:\"2\";s:5:\"level\";s:1:\"2\";s:5:\"email\";s:20:\"admin@mitrarenov.com\";s:4:\"name\";s:16:\"Admin MitraRenov\";}'),('299699f50a23bed6c70570e08cc4457e','210.210.182.42','Mozilla/5.0 (Windows NT 10.0; WOW64) AppleWebKit/5',1455677891,''),('f6b31bf20d4c4e33bc2debb2887198bc','210.210.182.42','Mozilla/5.0 (Windows NT 10.0; WOW64) AppleWebKit/5',1455677891,'');

/*Table structure for table `city` */

DROP TABLE IF EXISTS `city`;

CREATE TABLE `city` (
  `id` int(11) NOT NULL AUTO_INCREMENT,
  `province_id` int(11) NOT NULL,
  `name` varchar(255) NOT NULL DEFAULT '',
  `code` varchar(10) NOT NULL DEFAULT '',
  `latitude` varchar(100) NOT NULL DEFAULT '',
  `longitude` varchar(100) NOT NULL DEFAULT '',
  `created` int(11) DEFAULT '0',
  `modified` int(11) DEFAULT '0',
  `created_by` int(11) DEFAULT '1',
  `modified_by` int(11) DEFAULT '1',
  PRIMARY KEY (`id`),
  KEY `province_id` (`province_id`)
) ENGINE=MyISAM AUTO_INCREMENT=9473 DEFAULT CHARSET=utf8;

/*Data for the table `city` */

insert  into `city`(`id`,`province_id`,`name`,`code`,`latitude`,`longitude`,`created`,`modified`,`created_by`,`modified_by`) values (1101,11,'Simeulue (Sinabang)','650','','',1378351884,1378351884,1,1),(1102,11,'Aceh Singkil (Singkil)','658','','',1378351884,1378351884,1,1),(1103,11,'Aceh Selatan (Tapaktuan)','656','','',1378351884,1378351884,1,1),(1104,11,'Aceh Tenggara (Kutacane)','629','','',1378351884,1378351884,1,1),(1105,11,'Aceh Timur (Idi)','646','','',1378351884,1378351884,1,1),(1106,11,'Aceh Tengah (Takengon)','643','','',1378351884,1378351884,1,1),(1107,11,'Aceh Barat (Meulaboh)','655','','',1378351884,1378351884,1,1),(1108,11,'Aceh Besar (Jantho)','651','','',1378351884,1378351884,1,1),(1109,11,'Pidie (Sigli)','653','','',1378351884,1378351884,1,1),(1110,11,'Bireuen (Bireuen)','644','','',1378351884,1378351884,1,1),(1111,11,'Aceh Utara','','','',1378351884,1378351884,1,1),(1112,11,'Aceh Barat Daya (Blangpidie)','659','','',1378351884,1378351884,1,1),(1113,11,'Gayo Lues (Blang Kejeren)','642','','',1378351884,1378351884,1,1),(1114,11,'Aceh Tamiang','','','',1378351884,1378351884,1,1),(1115,11,'Nagan Raya','','','',1378351884,1378351884,1,1),(1116,11,'Aceh Jaya (Lamno)','651','','',1378351884,1378351884,1,1),(1117,11,'Bener Meriah','','','',1378351884,1378351884,1,1),(1118,11,'Pidie Jaya','','','',1378351884,1378351884,1,1),(1119,11,'Aceh Jaya (Calang)','654','','',1378351884,1378351884,1,1),(1120,11,'Aceh Selatan (Bakongan)','657','','',1378351884,1378351884,1,1),(1171,11,'Banda Aceh','651','5.546237','95.318878',1378351884,1378351884,1,1),(1172,11,'Sabang','652','5.894383','95.318556',1378351884,1378351884,1,1),(1173,11,'Langsa','641','4.479739','97.962656',1378351884,1378351884,1,1),(1174,11,'Lhokseumawe','645','5.189423','97.137966',1378351884,1378351884,1,1),(1175,11,'Subulussalam','627','2.985556','97.381325',1378351884,1378351884,1,1),(1201,12,'Nias','630','','',1378351884,1378351884,1,1),(1202,12,'Mandailing Natal (Panyabungan)','636','','',1378351884,1378351884,1,1),(1203,12,'Tapanuli Selatan (Sipirok)','634','','',1378351884,1378351884,1,1),(1204,12,'Tapanuli Tengah (Pandan)','631','','',1378351884,1378351884,1,1),(1205,12,'Tapanuli Utara (Tarutung)','633','','',1378351884,1378351884,1,1),(1206,12,'Toba Samosir (Ajibata)','625','','',1378351884,1378351884,1,1),(1207,12,'Labuhan Batu (Rantau Prapat)','624','','',1378351884,1378351884,1,1),(1208,12,'Asahan (Kisaran)','623','','',1378351884,1378351884,1,1),(1209,12,'Simalungun (Pematang Raya)','622','','',1378351884,1378351884,1,1),(1210,12,'Dairi (Sidikalang)','627','','',1378351884,1378351884,1,1),(1211,12,'Karo (Kabanjahe)','628','','',1378351884,1378351884,1,1),(1212,12,'Deli Serdang (Lubuk Pakam)','61','','',1378351884,1378351884,1,1),(1213,12,'Langkat (Stabat)','61','','',1378351884,1378351884,1,1),(1214,12,'Nias Selatan (Teluk Dalam)','630','','',1378351884,1378351884,1,1),(1215,12,'Humbang Hasundutan (Dolok Sanggul)','633','','',1378351884,1378351884,1,1),(1216,12,'Pakpak Bharat (Salak)','627','','',1378351884,1378351884,1,1),(1217,12,'Samosir (Simanindo)','625','','',1378351884,1378351884,1,1),(1218,12,'Serdang Bedagai (Perbaungan - Pantai Cermin)','61','','',1378351884,1378351884,1,1),(1219,12,'Batu Bara (Limapuluh)','622','','',1378351884,1378351884,1,1),(1220,12,'Padang Lawas Utara (Gunung Tua)','635','','',1378351884,1378351884,1,1),(1221,12,'Padang Lawas (Sibuhan)','636','','',1378351884,1378351884,1,1),(1222,12,'Labuhan Batu Selatan (Pinang)','624','','',1378351884,1378351884,1,1),(1223,12,'Labuhan Batu Utara (Aek Kanopan)','624','','',1378351884,1378351884,1,1),(1224,12,'Nias Utara','','','',1378351884,1378351884,1,1),(1225,12,'Nias Barat','','','',1378351884,1378351884,1,1),(1226,12,'Langkat (Pangkalan Brandan)','620','','',1378351884,1378351884,1,1),(1227,12,'Serdang Bedagai (Sei Rampah)','621','','',1378351884,1378351884,1,1),(1228,12,'Simalungun (Parapat)','625','','',1378351884,1378351884,1,1),(1229,12,'Samosir (Pangururan)','626','','',1378351884,1378351884,1,1),(1230,12,'Deli Serdang (Sibolangit)','628','','',1378351884,1378351884,1,1),(1231,12,'Toba Samosir (Balige)','632','','',1378351884,1378351884,1,1),(1271,12,'Sibolga','631','1.740207','98.783197',1378351884,1378351884,1,1),(1272,12,'Tanjung Balai','623','3.041783','99.818974',1378351884,1378351884,1,1),(1273,12,'Pematang Siantar','622','2.95727','99.064722',1378351884,1378351884,1,1),(1274,12,'Tebing Tinggi','621','3.319531','99.152198',1378351884,1378351884,1,1),(1275,12,'Medan','61','3.585209','98.675566',1378351884,1378351884,1,1),(1276,12,'Binjai','61','3.598658','98.480144',1378351884,1378351884,1,1),(1277,12,'Padangsidimpuan','634','1.378994','99.271917',1378351884,1378351884,1,1),(1278,12,'Gunungsitoli','639','1.261438','97.594113',1378351884,1378351884,1,1),(1301,13,'Kepulauan Mentawai','','','',1378351884,1378351884,1,1),(1302,13,'Pesisir Selatan (Painan)','756','','',1378351884,1378351884,1,1),(1303,13,'Solok (Alahan Panjang)','755','','',1378351884,1378351884,1,1),(1304,13,'Sijunjung','754','','',1378351884,1378351884,1,1),(1305,13,'Tanah Datar (Batusangkar)','752','','',1378351884,1378351884,1,1),(1306,13,'Padang Pariaman','','','',1378351884,1378351884,1,1),(1307,13,'Agam (Balai Selasa)','757','','',1378351884,1378351884,1,1),(1308,13,'Lima Puluh Kota','','','',1378351884,1378351884,1,1),(1309,13,'Pasaman (Lubuk Sikaping)','753','','',1378351884,1378351884,1,1),(1310,13,'Solok Selatan','755','','',1378351884,1378351884,1,1),(1311,13,'Dharmasraya','','','',1378351884,1378351884,1,1),(1312,13,'Pasaman Barat','','','',1378351884,1378351884,1,1),(1371,13,'Padang','751','-0.953535','100.352526',1378351884,1378351884,1,1),(1372,13,'Solok','755','-0.80292','100.64445',1378351884,1378351884,1,1),(1373,13,'Sawah Lunto','','-0.666632','100.783288',1378351884,1378351884,1,1),(1374,13,'Padang Panjang','752','-0.450049','100.41662',1378351884,1378351884,1,1),(1375,13,'Bukittinggi','752','-0.266847','100.383489',1378351884,1378351884,1,1),(1376,13,'Payakumbuh','752','-0.264701','100.561416',1378351884,1378351884,1,1),(1377,13,'Pariaman','751','-0.626337','100.1178',1378351884,1378351884,1,1),(1401,14,'Kuantan Singingi (Teluk Kuantan)','760','','',1378351884,1378351884,1,1),(1402,14,'Indragiri Hulu (Rengat - Air Molek)','769','','',1378351884,1378351884,1,1),(1403,14,'Indragiri Hilir (Tembilahan)','768','','',1378351884,1378351884,1,1),(1404,14,'Pelalawan (Pangkalan Kerinci)','761','','',1378351884,1378351884,1,1),(1405,14,'S I A K (Minas - Tualang)','761','','',1378351884,1378351884,1,1),(1406,14,'Kampar (Bangkinang)','762','','',1378351884,1378351884,1,1),(1407,14,'Rokan Hulu (Pasir Pengaraian)','762','','',1378351884,1378351884,1,1),(1408,14,'Bengkalis (Duri)','765','','',1378351884,1378351884,1,1),(1409,14,'Rokan Hilir (Bagan Batu)','765','','',1378351884,1378351884,1,1),(1410,14,'Kepulauan Meranti (Selat Panjang)','763','','',1378351884,1378351884,1,1),(1411,14,'S I A K (Siak Sri Indrapura)','764','','',1378351884,1378351884,1,1),(1412,14,'Rokan Hilir (Ujung Tanjung)','765','','',1378351884,1378351884,1,1),(1413,14,'Bengkalis (Bengkalis)','766','','',1378351884,1378351884,1,1),(1414,14,'Rokan Hilir (Bagan Siapiapi)','767','','',1378351884,1378351884,1,1),(1471,14,'Pekanbaru','761','0.515363','101.43391',1378351884,1378351884,1,1),(1473,14,'Dumai','765','1.666597','101.44804',1378351884,1378351884,1,1),(1501,15,'Kerinci','748','','',1378351884,1378351884,1,1),(1502,15,'Merangin (Bangko)','746','','',1378351884,1378351884,1,1),(1503,15,'Sarolangun (Sarolangun)','745','','',1378351884,1378351884,1,1),(1504,15,'Batang Hari (Muara Bulian)','743','','',1378351884,1378351884,1,1),(1505,15,'Muaro Jambi','','','',1378351884,1378351884,1,1),(1506,15,'Tanjung Jabung Timur (Mendahara - Muara Sabak)','740','','',1378351884,1378351884,1,1),(1507,15,'Tanjung Jabung Barat (Kualatungkal)','742','','',1378351884,1378351884,1,1),(1508,15,'Tebo (Muara Tebo)','744','','',1378351884,1378351884,1,1),(1509,15,'Bungo (Muara Bungo)','747','','',1378351884,1378351884,1,1),(1571,15,'Jambi','741','-1.59663','103.61583',1378351884,1378351884,1,1),(1572,15,'Sungai Penuh','748','-2.070215','101.368089',1378351884,1378351884,1,1),(1601,16,'Ogan Komering Ulu (Baturaja)','735','','',1378351884,1378351884,1,1),(1602,16,'Ogan Komering Ilir (Kayu Agung)','711','','',1378351884,1378351884,1,1),(1603,16,'Muara Enim (Pendopo Talang Ubi)','713','','',1378351884,1378351884,1,1),(1604,16,'Lahat (Agung)','730','','',1378351884,1378351884,1,1),(1605,16,'Musi Rawas (Muara Beliti)','733','','',1378351884,1378351884,1,1),(1606,16,'Musi Banyuasin (Sekayu)','714','','',1378351884,1378351884,1,1),(1607,16,'Banyu Asin (Pangkalan Balai - Betung)','711','','',1378351884,1378351884,1,1),(1608,16,'Ogan Komering Ulu Selatan (Muaradua)','735','','',1378351884,1378351884,1,1),(1609,16,'Ogan Komering Ulu Timur (Martapura)','735','','',1378351884,1378351884,1,1),(1610,16,'Ogan Ilir (Indralaya)','711','','',1378351884,1378351884,1,1),(1611,16,'Empat Lawang (Tebing Tinggi)','702','','',1378351884,1378351884,1,1),(1612,16,'Ogan Ilir (Tanjung Raya)','712','','',1378351884,1378351884,1,1),(1613,16,'Lahat (Lahat)','731','','',1378351884,1378351884,1,1),(1614,16,'Muara Enim (Muara Enim)','734','','',1378351884,1378351884,1,1),(1671,16,'Palembang','711','-2.991127','104.756777',1378351884,1378351884,1,1),(1672,16,'Prabumulih','713','-3.440942','104.235349',1378351884,1378351884,1,1),(1673,16,'Pagar Alam','730','-4.037563','103.265591',1378351884,1378351884,1,1),(1674,16,'Lubuklinggau','733','-3.296567','102.861629',1378351884,1378351884,1,1),(1701,17,'Bengkulu Selatan (Manna)','739','','',1378351884,1378351884,1,1),(1702,17,'Rejang Lebong (Curup)','732','','',1378351884,1378351884,1,1),(1703,17,'Bengkulu Utara (Lais)','736','','',1378351884,1378351884,1,1),(1704,17,'Kaur (Bintuhan)','739','','',1378351884,1378351884,1,1),(1705,17,'Seluma','','','',1378351884,1378351884,1,1),(1706,17,'Mukomuko (Mukomuku)','737','','',1378351884,1378351884,1,1),(1707,17,'Lebong (Muara Aman)','738','','',1378351884,1378351884,1,1),(1708,17,'Kepahiang','','','',1378351884,1378351884,1,1),(1709,17,'Bengkulu Tengah','','','',1378351884,1378351884,1,1),(1710,17,'Bengkulu Utara (Arga Makmur)','737','','',1378351884,1378351884,1,1),(1771,17,'Bengkulu','736','-3.800454','102.256179',1378351884,1378351884,1,1),(1801,18,'Lampung Barat (Liwa)','728','','',1378351884,1378351884,1,1),(1802,18,'Tanggamus (Agung)','722','','',1378351884,1378351884,1,1),(1803,18,'Lampung Selatan (Kalianda)','727','','',1378351884,1378351884,1,1),(1804,18,'Lampung Timur','','','',1378351884,1378351884,1,1),(1805,18,'Lampung Tengah','','','',1378351884,1378351884,1,1),(1806,18,'Lampung Utara (Kotabumi)','724','','',1378351884,1378351884,1,1),(1807,18,'Way Kanan (Blambangan Umpu)','723','','',1378351884,1378351884,1,1),(1808,18,'Tulangbawang (Menggala)','726','','',1378351884,1378351884,1,1),(1809,18,'Pesawaran','','','',1378351884,1378351884,1,1),(1810,18,'Pringsewu (Pringsewu)','729','','',1378351884,1378351884,1,1),(1811,18,'Mesuji','','','',1378351884,1378351884,1,1),(1812,18,'Tulang Bawang Barat','','','',1378351884,1378351884,1,1),(1871,18,'Bandar Lampung','721','-5.428035','105.242922',1378351884,1378351884,1,1),(1872,18,'Metro','725','-5.116549','105.299957',1378351884,1378351884,1,1),(1901,19,'Bangka (Belinyu)','715','','',1378351884,1378351884,1,1),(1902,19,'Belitung (Tanjung Pandan)','719','','',1378351884,1378351884,1,1),(1903,19,'Bangka Barat (Muntok)','716','','',1378351884,1378351884,1,1),(1904,19,'Bangka Tengah (Koba)','718','','',1378351884,1378351884,1,1),(1905,19,'Bangka Selatan (Tobali)','718','','',1378351884,1378351884,1,1),(1906,19,'Belitung Timur (Manggar)','719','','',1378351884,1378351884,1,1),(1907,19,'Bangka (Sungailiat)','717','','',1378351884,1378351884,1,1),(1971,19,'Pangkal Pinang','717','-2.230862','106.134617',1378351884,1378351884,1,1),(2101,21,'Karimun (Tanjung Balai Karimun)','777','','',1378351884,1378351884,1,1),(2102,21,'Bintan','','','',1378351884,1378351884,1,1),(2103,21,'Natuna (Ranai)','773','','',1378351884,1378351884,1,1),(2104,21,'Lingga (Dabosingkep)','776','','',1378351884,1378351884,1,1),(2105,21,'Kepulauan Anambas (Tarempa)','772','','',1378351884,1378351884,1,1),(2106,21,'Karimun (Tanjung Batu)','779','','',1378351884,1378351884,1,1),(2171,21,'Batam','778','1.045703','104.030542',1378351884,1378351884,1,1),(2172,21,'Tanjung Pinang','771','1.083462','104.483213',1378351884,1378351884,1,1),(3101,31,'Kepulauan Seribu','21','','',1378351884,1378351884,1,1),(3171,31,'Jakarta Selatan','21','-6.268973','106.806071',1378351884,1378351884,1,1),(3172,31,'Jakarta Timur','21','-6.317389','106.888683',1378351884,1378351884,1,1),(3173,31,'Jakarta Pusat','21','-6.185697','106.853271',1378351884,1378351884,1,1),(3174,31,'Jakarta Barat','21','-6.158476','106.747062',1378351884,1378351884,1,1),(3175,31,'Jakarta Utara','21','-6.123658','106.876795',1378351884,1378351884,1,1),(3201,32,'Bogor (Cibinong)','21','','',1378351884,1378351884,1,1),(3202,32,'Sukabumi (Pelabuhan Ratu)','266','','',1378351884,1378351884,1,1),(3203,32,'Cianjur','263','','',1378351884,1378351884,1,1),(3204,32,'Bandung (Soreang)','22','','',1378351884,1378351884,1,1),(3205,32,'Garut','262','','',1378351884,1378351884,1,1),(3206,32,'Tasikmalaya (Kadipaten - Singaparna)','265','','',1378351884,1378351884,1,1),(3207,32,'Ciamis (Ciamis - Pangandaran)','265','','',1378351884,1378351884,1,1),(3208,32,'Kuningan','232','','',1378351884,1378351884,1,1),(3209,32,'Cirebon (Sumber - Losari)','231','','',1378351884,1378351884,1,1),(3210,32,'Majalengka','233','','',1378351884,1378351884,1,1),(3211,32,'Sumedang','261','','',1378351884,1378351884,1,1),(3212,32,'Indramayu','234','','',1378351884,1378351884,1,1),(3213,32,'Subang','260','','',1378351884,1378351884,1,1),(3214,32,'Purwakarta','264','','',1378351884,1378351884,1,1),(3215,32,'Karawang (Cikampek)','264','','',1378351884,1378351884,1,1),(3216,32,'Bekasi (Cikarang)','21','','',1378351884,1378351884,1,1),(3217,32,'Bandung Barat (Lembang - Ngamprah)','22','','',1378351884,1378351884,1,1),(3218,32,'Karawang','267','','',1378351884,1378351884,1,1),(3271,32,'Bogor','251','-6.589155','106.792982',1378351884,1378351884,1,1),(3272,32,'Sukabumi','266','-6.91961','106.927178',1378351884,1378351884,1,1),(3273,32,'Bandung','22','-6.914583','107.609782',1378351884,1378351884,1,1),(3274,32,'Cirebon','231','-6.716565','108.566673',1378351884,1378351884,1,1),(3275,32,'Bekasi','21','-6.233395','107.000113',1378351884,1378351884,1,1),(3276,32,'Depok','21','-6.389939','106.829975',1378351884,1378351884,1,1),(3277,32,'Cimahi','22','-6.871467','107.555373',1378351884,1378351884,1,1),(3278,32,'Tasikmalaya','265','-7.333269','108.20004',1378351884,1378351884,1,1),(3279,32,'Banjar','265','-7.366723','108.544915',1378351884,1378351884,1,1),(3301,33,'Cilacap Timur','282','','',1378351884,1378351884,1,1),(3302,33,'Banyumas','281','','',1378351884,1378351884,1,1),(3303,33,'Purbalingga','281','','',1378351884,1378351884,1,1),(3304,33,'Banjarnegara','286','','',1378351884,1378351884,1,1),(3305,33,'Kebumen','287','','',1378351884,1378351884,1,1),(3306,33,'Purworejo','275','','',1378351884,1378351884,1,1),(3307,33,'Wonosobo','286','','',1378351884,1378351884,1,1),(3309,33,'Boyolali','276','','',1378351884,1378351884,1,1),(3310,33,'Klaten','272','','',1378351884,1378351884,1,1),(3311,33,'Sukoharjo','271','','',1378351884,1378351884,1,1),(3312,33,'Wonogiri','273','','',1378351884,1378351884,1,1),(3313,33,'Karanganyar','271','','',1378351884,1378351884,1,1),(3314,33,'Sragen','271','','',1378351884,1378351884,1,1),(3315,33,'Grobogan','','','',1378351884,1378351884,1,1),(3316,33,'Blora','296','','',1378351884,1378351884,1,1),(3317,33,'Rembang','295','','',1378351884,1378351884,1,1),(3318,33,'Pati','295','','',1378351884,1378351884,1,1),(3319,33,'Kudus','291','','',1378351884,1378351884,1,1),(3320,33,'Jepara','291','','',1378351884,1378351884,1,1),(3321,33,'Demak','291','','',1378351884,1378351884,1,1),(3323,33,'Temanggung','293','','',1378351884,1378351884,1,1),(3324,33,'Kendal','294','','',1378351884,1378351884,1,1),(3325,33,'Batang Timur','294','','',1378351884,1378351884,1,1),(3327,33,'Pemalang','288','','',1378351884,1378351884,1,1),(3329,33,'Brebes','283','','',1378351884,1378351884,1,1),(3330,33,'Cilacap Barat (Sidareja)','280','','',1378351884,1378351884,1,1),(3331,33,'Batang Barat','295','','',1378351884,1378351884,1,1),(3332,33,'Brebes Selatan (Bumiayu)','289','','',1378351884,1378351884,1,1),(3371,33,'Magelang','293','-7.480942','110.213714',1378351884,1378351884,1,1),(3372,33,'Surakarta (Solo)','271','-7.566715','110.816638',1378351884,1378351884,1,1),(3373,33,'Salatiga','298','-7.343314','110.503614',1378351884,1378351884,1,1),(3374,33,'Semarang','24','-6.966642','110.416617',1378351884,1378351884,1,1),(3375,33,'Pekalongan','285','-6.882715','109.669976',1378351884,1378351884,1,1),(3376,33,'Tegal','283','-6.86661','109.13337',1378351884,1378351884,1,1),(3401,34,'Kulon Progo','274','','',1378351884,1378351884,1,1),(3402,34,'Bantul','274','','',1378351884,1378351884,1,1),(3403,34,'Gunung Kidul','274','','',1378351884,1378351884,1,1),(3404,34,'Sleman','274','','',1378351884,1378351884,1,1),(3471,34,'Yogyakarta','274','-7.797186','110.368774',1378351884,1378351884,1,1),(3501,35,'Pacitan','357','','',1378351884,1378351884,1,1),(3502,35,'Ponorogo','352','','',1378351884,1378351884,1,1),(3503,35,'Trenggalek','355','','',1378351884,1378351884,1,1),(3504,35,'Tulungagung','355','','',1378351884,1378351884,1,1),(3508,35,'Lumajang','334','','',1378351884,1378351884,1,1),(3509,35,'Jember','331','','',1378351884,1378351884,1,1),(3510,35,'Banyuwangi','333','','',1378351884,1378351884,1,1),(3511,35,'Bondowoso','332','','',1378351884,1378351884,1,1),(3512,35,'Situbondo','333','','',1378351884,1378351884,1,1),(3515,35,'Sidoarjo','31','','',1378351884,1378351884,1,1),(3517,35,'Jombang','321','','',1378351884,1378351884,1,1),(3518,35,'Nganjuk','358','','',1378351884,1378351884,1,1),(3520,35,'Magetan','351','','',1378351884,1378351884,1,1),(3521,35,'Ngawi','351','','',1378351884,1378351884,1,1),(3522,35,'Bojonegoro','353','','',1378351884,1378351884,1,1),(3523,35,'Tuban','356','','',1378351884,1378351884,1,1),(3524,35,'Lamongan','322','','',1378351884,1378351884,1,1),(3525,35,'Gresik','31','','',1378351884,1378351884,1,1),(3526,35,'Bangkalan','31','','',1378351884,1378351884,1,1),(3527,35,'Sampang','323','','',1378351884,1378351884,1,1),(3528,35,'Pamekasan','324','','',1378351884,1378351884,1,1),(3529,35,'Sumenep','328','','',1378351884,1378351884,1,1),(3571,35,'Kediri','354','-7.816616','112.011266',1378351884,1378351884,1,1),(3572,35,'Blitar','342','-8.072487','112.166233',1378351884,1378351884,1,1),(3573,35,'Malang','341','-7.981718','112.626586',1378351884,1378351884,1,1),(3574,35,'Probolinggo','335','-7.756663','113.211522',1378351884,1378351884,1,1),(3575,35,'Pasuruan','343','-7.644814','112.903304',1378351884,1378351884,1,1),(3576,35,'Mojokerto','321','-7.472092','112.433338',1378351884,1378351884,1,1),(3577,35,'Madiun','351','-7.629629','111.513755',1378351884,1378351884,1,1),(3578,35,'Surabaya','31','-7.289255','112.734475',1378351884,1378351884,1,1),(3579,35,'Batu','341','-7.869971','112.524326',1378351884,1378351884,1,1),(3601,36,'Pandeglang (Pandeglang - Labuan)','253','','',1378351884,1378351884,1,1),(3602,36,'Lebak (Rangkasbitung)','252','','',1378351884,1378351884,1,1),(3603,36,'Tangerang (Tigaraksa)','21','','',1378351884,1378351884,1,1),(3671,36,'Tangerang','21','-6.17823','106.631877',1378351884,1378351884,1,1),(3672,36,'Cilegon','254','-6.016885','106.04054',1378351884,1378351884,1,1),(3673,36,'Serang','254','-6.119903','106.150389',1378351884,1378351884,1,1),(3674,36,'Tangerang Selatan','21','-6.202336','106.629667',1378351884,1378351884,1,1),(5101,51,'Jembrana','','','',1378351884,1378351884,1,1),(5102,51,'Tabanan','361','','',1378351884,1378351884,1,1),(5103,51,'Badung','','','',1378351884,1378351884,1,1),(5104,51,'Gianyar','361','','',1378351884,1378351884,1,1),(5105,51,'Klungkung','366','','',1378351884,1378351884,1,1),(5106,51,'Bangli','366','','',1378351884,1378351884,1,1),(5107,51,'Karang Asem','','','',1378351884,1378351884,1,1),(5108,51,'Buleleng','','','',1378351884,1378351884,1,1),(5171,51,'Denpasar','361','-8.656208','115.222178',1378351884,1378351884,1,1),(5201,52,'Lombok Barat','','','',1378351884,1378351884,1,1),(5202,52,'Lombok Tengah','','','',1378351884,1378351884,1,1),(5203,52,'Lombok Timur','','','',1378351884,1378351884,1,1),(5204,52,'Sumbawa','371','','',1378351884,1378351884,1,1),(5205,52,'Dompu','373','','',1378351884,1378351884,1,1),(5207,52,'Sumbawa Barat','371','','',1378351884,1378351884,1,1),(5208,52,'Lombok Utara','','','',1378351884,1378351884,1,1),(5271,52,'Mataram','364','-8.583228','116.116548',1378351884,1378351884,1,1),(5272,52,'Bima','374','-8.458789','118.726044',1378351884,1378351884,1,1),(5301,53,'Sumba Barat','','','',1378351884,1378351884,1,1),(5302,53,'Sumba Timur','','','',1378351884,1378351884,1,1),(5304,53,'Timor Tengah Selatan','','','',1378351884,1378351884,1,1),(5305,53,'Timor Tengah Utara','','','',1378351884,1378351884,1,1),(5306,53,'Belu','','','',1378351884,1378351884,1,1),(5307,53,'Alor','','','',1378351884,1378351884,1,1),(5308,53,'Lembata','','','',1378351884,1378351884,1,1),(5309,53,'Flores Timur','','','',1378351884,1378351884,1,1),(5310,53,'Sikka','','','',1378351884,1378351884,1,1),(5311,53,'Ende','381','','',1378351884,1378351884,1,1),(5312,53,'Ngada','','','',1378351884,1378351884,1,1),(5313,53,'Manggarai','','','',1378351884,1378351884,1,1),(5314,53,'Rote Ndao','','','',1378351884,1378351884,1,1),(5315,53,'Manggarai Barat','','','',1378351884,1378351884,1,1),(5316,53,'Sumba Tengah','','','',1378351884,1378351884,1,1),(5317,53,'Sumba Barat Daya','','','',1378351884,1378351884,1,1),(5318,53,'Nagekeo','','','',1378351884,1378351884,1,1),(5319,53,'Manggarai Timur','','','',1378351884,1378351884,1,1),(5320,53,'Sabu Raijua','','','',1378351884,1378351884,1,1),(5371,53,'Kupang','380','-10.173022','123.579483',1378351884,1378351884,1,1),(6101,61,'Sambas','562','','',1378351884,1378351884,1,1),(6102,61,'Bengkayang','562','','',1378351884,1378351884,1,1),(6103,61,'Landak','','','',1378351884,1378351884,1,1),(6105,61,'Sanggau','564','','',1378351884,1378351884,1,1),(6106,61,'Ketapang','534','','',1378351884,1378351884,1,1),(6107,61,'Sintang','565','','',1378351884,1378351884,1,1),(6108,61,'Kapuas Hulu','','','',1378351884,1378351884,1,1),(6109,61,'Sekadau','','','',1378351884,1378351884,1,1),(6110,61,'Melawi','','','',1378351884,1378351884,1,1),(6111,61,'Kayong Utara','','','',1378351884,1378351884,1,1),(6112,61,'Kubu Raya','','','',1378351884,1378351884,1,1),(6171,61,'Pontianak','561','-0.022445','109.330223',1378351884,1378351884,1,1),(6172,61,'Singkawang','562','0.908909','108.98479',1378351884,1378351884,1,1),(6201,62,'Kotawaringin Barat','','','',1378351884,1378351884,1,1),(6202,62,'Kotawaringin Timur','359','','',1378351884,1378351884,1,1),(6203,62,'Kapuas','','','',1378351884,1378351884,1,1),(6204,62,'Barito Selatan','','','',1378351884,1378351884,1,1),(6205,62,'Barito Utara','','','',1378351884,1378351884,1,1),(6206,62,'Sukamara','','','',1378351884,1378351884,1,1),(6207,62,'Lamandau','','','',1378351884,1378351884,1,1),(6208,62,'Seruyan','','','',1378351884,1378351884,1,1),(6209,62,'Katingan','','','',1378351884,1378351884,1,1),(6210,62,'Pulang Pisau','','','',1378351884,1378351884,1,1),(6211,62,'Gunung Mas','','','',1378351884,1378351884,1,1),(6212,62,'Barito Timur','522','','',1378351884,1378351884,1,1),(6213,62,'Murung Raya','','','',1378351884,1378351884,1,1),(6271,62,'Palangka Raya','536','-2.225888','113.940225',1378351884,1378351884,1,1),(6301,63,'Tanah Laut','','','',1378351884,1378351884,1,1),(6302,63,'Baru','518','','',1378351884,1378351884,1,1),(6303,63,'Banjar','','','',1378351884,1378351884,1,1),(6304,63,'Barito Kuala','','','',1378351884,1378351884,1,1),(6305,63,'Tapin','','','',1378351884,1378351884,1,1),(6306,63,'Hulu Sungai Selatan','','','',1378351884,1378351884,1,1),(6307,63,'Hulu Sungai Tengah','','','',1378351884,1378351884,1,1),(6308,63,'Hulu Sungai Utara','','','',1378351884,1378351884,1,1),(6309,63,'Tabalong','','','',1378351884,1378351884,1,1),(6310,63,'Tanah Bumbu','','','',1378351884,1378351884,1,1),(6311,63,'Balangan','526','','',1378351884,1378351884,1,1),(6371,63,'Banjarmasin','511','-3.328486','114.589198',1378351884,1378351884,1,1),(6372,63,'Banjar Baru','511','-3.324073','114.592352',1378351884,1378351884,1,1),(6401,64,'Paser','','','',1378351884,1378351884,1,1),(6402,64,'Kutai Barat','','','',1378351884,1378351884,1,1),(6403,64,'Kutai Kartanegara','','','',1378351884,1378351884,1,1),(6404,64,'Kutai Timur','','','',1378351884,1378351884,1,1),(6405,64,'Berau','','','',1378351884,1378351884,1,1),(6406,64,'Malinau','553','','',1378351884,1378351884,1,1),(6407,64,'Bulungan','','','',1378351884,1378351884,1,1),(6408,64,'Nunukan','556','','',1378351884,1378351884,1,1),(6409,64,'Penajam Paser Utara','','','',1378351884,1378351884,1,1),(6410,64,'Tana Tidung','','','',1378351884,1378351884,1,1),(6471,64,'Balikpapan','542','-1.265299','116.831138',1378351884,1378351884,1,1),(6472,64,'Samarinda','541','-0.502167','117.153779',1378351884,1378351884,1,1),(6473,64,'Tarakan','551','3.275916','117.619572',1378351884,1378351884,1,1),(6474,64,'Bontang','548','0.135655','117.498643',1378351884,1378351884,1,1),(7101,71,'Bolaang Mongondow','','','',1378351884,1378351884,1,1),(7102,71,'Minahasa','','','',1378351884,1378351884,1,1),(7103,71,'Kepulauan Sangihe','','','',1378351884,1378351884,1,1),(7104,71,'Kepulauan Talaud','','','',1378351884,1378351884,1,1),(7105,71,'Minahasa Selatan','','','',1378351884,1378351884,1,1),(7106,71,'Minahasa Utara','','','',1378351884,1378351884,1,1),(7107,71,'Bolaang Mongondow Utara','','','',1378351884,1378351884,1,1),(7108,71,'Siau Tagulandang Biaro','','','',1378351884,1378351884,1,1),(7109,71,'Minahasa Tenggara','','','',1378351884,1378351884,1,1),(7110,71,'Bolaang Mongondow Selatan','','','',1378351884,1378351884,1,1),(7111,71,'Bolaang Mongondow Timur','','','',1378351884,1378351884,1,1),(7171,71,'Manado','431','1.493285','124.841237',1378351884,1378351884,1,1),(7172,71,'Bitung','438','1.455704','125.204458',1378351884,1378351884,1,1),(7173,71,'Tomohon','431','1.324764','124.827933',1378351884,1378351884,1,1),(7174,71,'Kotamobagu','434','0.735463','124.307628',1378351884,1378351884,1,1),(7201,72,'Banggai Kepulauan','462','','',1378351884,1378351884,1,1),(7202,72,'Banggai','462','','',1378351884,1378351884,1,1),(7203,72,'Morowali','','','',1378351884,1378351884,1,1),(7204,72,'Poso','452','','',1378351884,1378351884,1,1),(7205,72,'Donggala','457','','',1378351884,1378351884,1,1),(7206,72,'Toli-toli','453','','',1378351884,1378351884,1,1),(7207,72,'Buol','445','','',1378351884,1378351884,1,1),(7208,72,'Parigi Moutong','450','','',1378351884,1378351884,1,1),(7209,72,'Tojo Una-una','','','',1378351884,1378351884,1,1),(7210,72,'Sigi','','','',1378351884,1378351884,1,1),(7271,72,'Palu','451','-0.898439','119.85034',1378351884,1378351884,1,1),(7301,73,'Kepulauan Selayar','414','','',1378351884,1378351884,1,1),(7302,73,'Bulukumba','413','','',1378351884,1378351884,1,1),(7303,73,'Bantaeng','413','','',1378351884,1378351884,1,1),(7304,73,'Jeneponto','419','','',1378351884,1378351884,1,1),(7305,73,'Takalar','418','','',1378351884,1378351884,1,1),(7306,73,'Gowa','','','',1378351884,1378351884,1,1),(7307,73,'Sinjai','482','','',1378351884,1378351884,1,1),(7308,73,'Maros','411','','',1378351884,1378351884,1,1),(7309,73,'Pangkajene Dan Kepulauan','','','',1378351884,1378351884,1,1),(7310,73,'Barru','427','','',1378351884,1378351884,1,1),(7311,73,'Bone','','','',1378351884,1378351884,1,1),(7312,73,'Soppeng','','','',1378351884,1378351884,1,1),(7313,73,'Wajo','','','',1378351884,1378351884,1,1),(7314,73,'Sidenreng Rappang','','','',1378351884,1378351884,1,1),(7315,73,'Pinrang','421','','',1378351884,1378351884,1,1),(7316,73,'Enrekang','','','',1378351884,1378351884,1,1),(7317,73,'Luwu','','','',1378351884,1378351884,1,1),(7318,73,'Tana Toraja','','','',1378351884,1378351884,1,1),(7322,73,'Luwu Utara','','','',1378351884,1378351884,1,1),(7325,73,'Luwu Timur','','','',1378351884,1378351884,1,1),(7326,73,'Toraja Utara','','','',1378351884,1378351884,1,1),(7371,73,'Makassar','411','-5.133432','119.416702',1378351884,1378351884,1,1),(7372,73,'Pare-pare','421','-4.016672','119.623682',1378351884,1378351884,1,1),(7373,73,'Palopo','471','-3.000042','120.200028',1378351884,1378351884,1,1),(7401,74,'Buton','','','',1378351884,1378351884,1,1),(7402,74,'Muna','','','',1378351884,1378351884,1,1),(7403,74,'Konawe','','','',1378351884,1378351884,1,1),(7404,74,'Kolaka','405','','',1378351884,1378351884,1,1),(7405,74,'Konawe Selatan','','','',1378351884,1378351884,1,1),(7406,74,'Bombana','','','',1378351884,1378351884,1,1),(7407,74,'Wakatobi','','','',1378351884,1378351884,1,1),(7408,74,'Kolaka Utara','405','','',1378351884,1378351884,1,1),(7409,74,'Buton Utara','','','',1378351884,1378351884,1,1),(7410,74,'Konawe Utara','','','',1378351884,1378351884,1,1),(7471,74,'Kendari','401','-3.967396','122.594798',1378351884,1378351884,1,1),(7472,74,'Baubau','402','-5.507152','122.596579',1378351884,1378351884,1,1),(7501,75,'Boalemo','','','',1378351884,1378351884,1,1),(7503,75,'Pohuwato','','','',1378351884,1378351884,1,1),(7504,75,'Bone Bolango','','','',1378351884,1378351884,1,1),(7505,75,'Gorontalo Utara','435','','',1378351884,1378351884,1,1),(7571,75,'Gorontalo','435','0.552569','123.06545',1378351884,1378351884,1,1),(7601,76,'Majene','422','','',1378351884,1378351884,1,1),(7602,76,'Polewali Mandar','428','','',1378351884,1378351884,1,1),(7603,76,'Mamasa','','','',1378351884,1378351884,1,1),(7604,76,'Mamuju','426','','',1378351884,1378351884,1,1),(7605,76,'Mamuju Utara','426','','',1378351884,1378351884,1,1),(8101,81,'Maluku Tenggara Barat','','','',1378351884,1378351884,1,1),(8102,81,'Maluku Tenggara','','','',1378351884,1378351884,1,1),(8103,81,'Maluku Tengah','','','',1378351884,1378351884,1,1),(8104,81,'Buru (Namlea)','913','','',1378351884,1378351884,1,1),(8105,81,'Kepulauan Aru (Dobo)','917','','',1378351884,1378351884,1,1),(8106,81,'Seram Bagian Barat','','','',1378351884,1378351884,1,1),(8107,81,'Seram Bagian Timur','','','',1378351884,1378351884,1,1),(8108,81,'Maluku Barat Daya','','','',1378351884,1378351884,1,1),(8109,81,'Buru Selatan','','','',1378351884,1378351884,1,1),(8171,81,'Ambon','911','-3.655793','128.166475',1378351884,1378351884,1,1),(8172,81,'Tual','916','-5.637853','132.660484',1378351884,1378351884,1,1),(8201,82,'Halmahera Barat','','','',1378351884,1378351884,1,1),(8202,82,'Halmahera Tengah','','','',1378351884,1378351884,1,1),(8203,82,'Kepulauan Sula','','','',1378351884,1378351884,1,1),(8204,82,'Halmahera Selatan','','','',1378351884,1378351884,1,1),(8205,82,'Halmahera Utara','','','',1378351884,1378351884,1,1),(8206,82,'Halmahera Timur','','','',1378351884,1378351884,1,1),(8207,82,'Pulau Morotai','923','','',1378351884,1378351884,1,1),(8271,82,'Ternate','','0.788073','127.377176',1378351884,1378351884,1,1),(8272,82,'Tidore Kepulauan','','0.67942','127.402554',1378351884,1378351884,1,1),(9101,91,'Fakfak','956','','',1378351884,1378351884,1,1),(9102,91,'Kaimana','957','','',1378351884,1378351884,1,1),(9103,91,'Teluk Wondama','','','',1378351884,1378351884,1,1),(9104,91,'Teluk Bintuni','955','','',1378351884,1378351884,1,1),(9105,91,'Manokwari','986','','',1378351884,1378351884,1,1),(9106,91,'Sorong Selatan','951','','',1378351884,1378351884,1,1),(9108,91,'Raja Ampat','','','',1378351884,1378351884,1,1),(9109,91,'Tambrauw','','','',1378351884,1378351884,1,1),(9110,91,'Maybrat','','','',1378351884,1378351884,1,1),(9171,91,'Sorong','951','-0.881618','131.253433',1378351884,1378351884,1,1),(9401,94,'Merauke','971','','',1378351884,1378351884,1,1),(9402,94,'Jayawijaya','','','',1378351884,1378351884,1,1),(9404,94,'Nabire','984','','',1378351884,1378351884,1,1),(9408,94,'Kepulauan Yapen','','','',1378351884,1378351884,1,1),(9409,94,'Biak Numfor','981','','',1378351884,1378351884,1,1),(9410,94,'Paniai','','','',1378351884,1378351884,1,1),(9411,94,'Puncak Jaya','','','',1378351884,1378351884,1,1),(9412,94,'Mimika','','','',1378351884,1378351884,1,1),(9413,94,'Boven Digoel','','','',1378351884,1378351884,1,1),(9414,94,'Mappi','','','',1378351884,1378351884,1,1),(9415,94,'Asmat','902','','',1378351884,1378351884,1,1),(9416,94,'Yahukimo','','','',1378351884,1378351884,1,1),(9417,94,'Pegunungan Bintang','','','',1378351884,1378351884,1,1),(9418,94,'Tolikara','','','',1378351884,1378351884,1,1),(9419,94,'Sarmi','966','','',1378351884,1378351884,1,1),(9420,94,'Keerom','','','',1378351884,1378351884,1,1),(9426,94,'Waropen','','','',1378351884,1378351884,1,1),(9427,94,'Supiori','','','',1378351884,1378351884,1,1),(9428,94,'Mamberamo Raya','','','',1378351884,1378351884,1,1),(9429,94,'Nduga','','','',1378351884,1378351884,1,1),(9430,94,'Lanny Jaya','','','',1378351884,1378351884,1,1),(9431,94,'Mamberamo Tengah','','','',1378351884,1378351884,1,1),(9432,94,'Yalimo','','','',1378351884,1378351884,1,1),(9433,94,'Puncak','','','',1378351884,1378351884,1,1),(9434,94,'Dogiyai','','','',1378351884,1378351884,1,1),(9435,94,'Intan Jaya','','','',1378351884,1378351884,1,1),(9436,94,'Deiyai','','','',1378351884,1378351884,1,1),(9471,94,'Jayapura ','967','-2.537012','140.706997',1378351884,1378351884,1,1),(9472,32,'Sumur Bandung','12313','1213123','123123123213',1433930550,0,2,1);

/*Table structure for table `country` */

DROP TABLE IF EXISTS `country`;

CREATE TABLE `country` (
  `id` int(10) NOT NULL AUTO_INCREMENT,
  `name` varchar(150) NOT NULL DEFAULT '',
  `tld` varchar(5) NOT NULL DEFAULT '',
  `code` varchar(10) NOT NULL DEFAULT '',
  `created` int(11) DEFAULT '0',
  `modified` int(11) DEFAULT '0',
  `created_by` int(11) DEFAULT '1',
  `modified_by` int(11) DEFAULT '1',
  PRIMARY KEY (`id`)
) ENGINE=MyISAM AUTO_INCREMENT=6 DEFAULT CHARSET=utf8;

/*Data for the table `country` */

insert  into `country`(`id`,`name`,`tld`,`code`,`created`,`modified`,`created_by`,`modified_by`) values (1,'Indonesia','id','62',1378117528,1379063939,1,1);

/*Table structure for table `email_newsletter` */

DROP TABLE IF EXISTS `email_newsletter`;

CREATE TABLE `email_newsletter` (
  `id` int(11) NOT NULL AUTO_INCREMENT,
  `banner_iklan` varchar(255) DEFAULT NULL,
  `link_iklan` varchar(255) DEFAULT NULL,
  `promo_kiri` varchar(255) DEFAULT NULL,
  `link_kiri` varchar(255) DEFAULT NULL,
  `promo_kanan` varchar(255) DEFAULT NULL,
  `link_kanan` varchar(255) DEFAULT NULL,
  PRIMARY KEY (`id`)
) ENGINE=MyISAM AUTO_INCREMENT=2 DEFAULT CHARSET=latin1;

/*Data for the table `email_newsletter` */

insert  into `email_newsletter`(`id`,`banner_iklan`,`link_iklan`,`promo_kiri`,`link_kiri`,`promo_kanan`,`link_kanan`) values (1,'f23f0970b09888b9aa0edcafc0b1b3cd.jpg','http://mitrarenov.com','7f8064ad6fa12a8608025b52033b191b.png','http://bangunrumahanda.com','9efcaaeb6ccdc46f9c3b427b237f5c14.jpg','http://jasarenovrumah.com');

/*Table structure for table `hubungi_kami` */

DROP TABLE IF EXISTS `hubungi_kami`;

CREATE TABLE `hubungi_kami` (
  `id` int(11) NOT NULL AUTO_INCREMENT,
  `name` varchar(50) DEFAULT NULL,
  `business_name` varchar(50) DEFAULT NULL,
  `business_web` varchar(50) DEFAULT NULL,
  `email` varchar(50) DEFAULT NULL,
  `message` longtext,
  `created` int(11) DEFAULT NULL,
  PRIMARY KEY (`id`)
) ENGINE=MyISAM AUTO_INCREMENT=15 DEFAULT CHARSET=latin1;

/*Data for the table `hubungi_kami` */

insert  into `hubungi_kami`(`id`,`name`,`business_name`,`business_web`,`email`,`message`,`created`) values (14,'Lanang Hardiansah','081311455879','-','lananghardiansah@yahoo.com','Saya mau perbaiki atap, plafon kira2 10 m2 dan pasang alumunium foil.\r\nLuas rumah 70 m2\r\nBisa dihitung dulu biayanya berapa. Atau mau dateng dulu untuk menghitung',1477154226),(12,'prihartini','08128146172','-','priehart@gmail.com','Selamat siang,\r\n\r\nSaya ingin tanya-tanya terkait jasa meningkat rumah. \r\nJika saya menggunakan jasa mitrarenov :\r\n1. apa saja fasilitas yang saya dapat, mulai dari gambar desain sampai dengan rumahnya jadi?\r\n2. untuk desain interior apakah juga disediakan? \r\n3. berapa estimasi biaya jika saya ingin meningkat rumah tapi saya juga ingin merubah tata letak rumah di lantai dasar? \r\n\r\nDemikian pertanyaan saya, mohon infonya. terima kasih.',1475655143),(13,'Linsara','081382007227','-','sarasuawa79@gmail.com','Selamat pagi bapak/ibu.\r\nUkuran septictank yang standar berapa ya?\r\nUntuk biayanya berapa?\r\nLokasi saya di cikarang.\r\nMohon respon melalui email.\r\n\r\nTerimakasih',1475710404);

/*Table structure for table `member` */

DROP TABLE IF EXISTS `member`;

CREATE TABLE `member` (
  `id` int(11) NOT NULL AUTO_INCREMENT,
  `usergroup_id` int(11) NOT NULL,
  `email` varchar(100) NOT NULL DEFAULT '',
  `password` varchar(100) NOT NULL DEFAULT '',
  `last_login` int(11) NOT NULL DEFAULT '0',
  `school_id` int(11) NOT NULL DEFAULT '0',
  `created` int(11) DEFAULT '0',
  `modified` int(11) DEFAULT '0',
  `created_by` int(11) DEFAULT '1',
  `modified_by` int(11) DEFAULT '1',
  `has_project` tinyint(1) DEFAULT '0',
  `forgot_password_flag` enum('0','1') DEFAULT '0',
  `store_id` int(11) DEFAULT '0',
  PRIMARY KEY (`id`),
  KEY `usergroup_id` (`usergroup_id`)
) ENGINE=MyISAM AUTO_INCREMENT=57 DEFAULT CHARSET=utf8;

/*Data for the table `member` */

insert  into `member`(`id`,`usergroup_id`,`email`,`password`,`last_login`,`school_id`,`created`,`modified`,`created_by`,`modified_by`,`has_project`,`forgot_password_flag`,`store_id`) values (1,1,'system@simpro.id','21232f297a57a5a743894a0e4a801fc3',0,0,0,1455105979,1,2,0,'0',1),(2,2,'admin@simpro.id','21232f297a57a5a743894a0e4a801fc3',0,1,0,1455105945,1,2,0,'0',1),(53,5,'agent1@simpro.id','21232f297a57a5a743894a0e4a801fc3',0,0,0,0,1,1,0,'0',1),(54,5,'agent2@simpro.id','21232f297a57a5a743894a0e4a801fc3',0,0,0,0,1,1,0,'0',2),(56,3,'vendor1@simpro.id','21232f297a57a5a743894a0e4a801fc3',0,0,0,0,1,1,0,'0',1);

/*Table structure for table `member_detail` */

DROP TABLE IF EXISTS `member_detail`;

CREATE TABLE `member_detail` (
  `id` int(11) NOT NULL AUTO_INCREMENT,
  `member_id` int(11) NOT NULL,
  `city_id` int(11) NOT NULL,
  `photo` varchar(255) NOT NULL DEFAULT '',
  `name` varchar(255) NOT NULL DEFAULT '',
  `dob` int(11) DEFAULT '0',
  `sex` enum('MALE','FEMALE','NONE') NOT NULL DEFAULT 'NONE',
  `telephone` varchar(100) NOT NULL DEFAULT '',
  `handphone` varchar(100) NOT NULL DEFAULT '',
  `address` text NOT NULL,
  `zipcode` varchar(10) NOT NULL DEFAULT '',
  `created` int(11) DEFAULT '0',
  `modified` int(11) DEFAULT '0',
  `created_by` int(11) DEFAULT '1',
  `modified_by` int(11) DEFAULT '1',
  PRIMARY KEY (`id`),
  KEY `member_id` (`member_id`)
) ENGINE=MyISAM AUTO_INCREMENT=73 DEFAULT CHARSET=utf8;

/*Data for the table `member_detail` */

insert  into `member_detail`(`id`,`member_id`,`city_id`,`photo`,`name`,`dob`,`sex`,`telephone`,`handphone`,`address`,`zipcode`,`created`,`modified`,`created_by`,`modified_by`) values (1,1,1101,'','System SIMPRO',0,'NONE','','','','',0,1455105979,1,2),(2,2,1101,'','Admin SIMPRO',0,'NONE','0808','080','jhgjgjghj','080',0,1455105945,1,2),(69,53,1101,'','Agent 01',0,'NONE','','','','',0,0,1,1),(70,54,1101,'','Agent 02',0,'NONE','','','','',0,0,1,1),(71,55,0,'','',0,'NONE','','','','',1480540905,0,2,1),(72,56,1101,'','Vendor 1 (Adira)',0,'NONE','','','','',0,0,1,1);

/*Table structure for table `product` */

DROP TABLE IF EXISTS `product`;

CREATE TABLE `product` (
  `id` int(11) NOT NULL AUTO_INCREMENT,
  `brand` varchar(255) DEFAULT NULL,
  `product_name` varchar(255) DEFAULT NULL,
  `claim_price` decimal(10,0) DEFAULT NULL,
  `device_type` varchar(255) DEFAULT NULL,
  `store_id` int(11) DEFAULT NULL,
  `brand_slug` varchar(255) DEFAULT NULL,
  UNIQUE KEY `id` (`id`)
) ENGINE=MyISAM AUTO_INCREMENT=7 DEFAULT CHARSET=utf8;

/*Data for the table `product` */

insert  into `product`(`id`,`brand`,`product_name`,`claim_price`,`device_type`,`store_id`,`brand_slug`) values (1,'LENOVO','Lenovo P78',150000,'Lenovo P78',1,'lenovo'),(2,'LENOVO','Lenovo A180 E',100000,'Lenovo A180 E',1,'lenovo'),(3,'BLACKBERRY','BB Gemini',75000,'BB Gemini',1,'blackberry'),(4,'BLACKBERRY','BB Gemini',65000,'BB Perl',2,'blackberry'),(5,'BLACKBERRY','BB Dakota',100000,'BB Dakota',1,'blackberry'),(6,'SONY ERICSSON','Sony Xperia Z',125000,'Sony Experia Z',1,'sony-ericsson');

/*Table structure for table `province` */

DROP TABLE IF EXISTS `province`;

CREATE TABLE `province` (
  `id` int(11) NOT NULL AUTO_INCREMENT,
  `country_id` int(11) NOT NULL,
  `name` varchar(100) NOT NULL DEFAULT '',
  `latitude` varchar(100) NOT NULL DEFAULT '',
  `longitude` varchar(100) NOT NULL DEFAULT '',
  `created` int(11) DEFAULT '0',
  `modified` int(11) DEFAULT '0',
  `created_by` int(11) DEFAULT '1',
  `modified_by` int(11) DEFAULT '1',
  PRIMARY KEY (`id`),
  KEY `country_id` (`country_id`)
) ENGINE=MyISAM AUTO_INCREMENT=95 DEFAULT CHARSET=utf8;

/*Data for the table `province` */

insert  into `province`(`id`,`country_id`,`name`,`latitude`,`longitude`,`created`,`modified`,`created_by`,`modified_by`) values (11,1,'Aceh','4.690036','96.749496',1378351884,1396193677,1,1),(12,1,'Sumatera Utara','2.115074','99.543571',1378351884,1378351884,1,1),(13,1,'Sumatera Barat','-0.740527','100.796413',1378351884,1378351884,1,1),(14,1,'Riau','0.29354','101.706219',1378351884,1378351884,1,1),(15,1,'Jambi','-1.484018','102.436466',1378351884,1378351884,1,1),(16,1,'Sumatera Selatan','-3.324244','103.924942',1378351884,1378351884,1,1),(17,1,'Bengkulu','-3.800625','102.256951',1378351884,1378351884,1,1),(18,1,'Lampung','-4.555206','105.410957',1378351884,1378351884,1,1),(19,1,'Kepulauan Bangka Belitung','-2.736615','106.431999',1378351884,1378351884,1,1),(21,1,'Kepulauan Riau','3.947831','108.137627',1378351884,1378351884,1,1),(31,1,'DKI Jakarta','-6.211295','106.844516',1378351884,1378351884,1,1),(32,1,'Jawa Barat','-7.08965','107.672825',1378351884,1378351884,1,1),(33,1,'Jawa Tengah','-7.148246','110.137539',1378351884,1378351884,1,1),(34,1,'DI Yogyakarta','-7.797186','110.36916',1378351884,1378351884,1,1),(35,1,'Jawa Timur','-7.533361','112.233467',1378351884,1378351884,1,1),(36,1,'Banten','-6.405378','106.058464',1378351884,1378351884,1,1),(51,1,'Bali','-8.407847','115.187416',1378351884,1385049888,1,1),(52,1,'Nusa Tenggara Barat','-8.647553','117.354355',1378351884,1378351884,1,1),(53,1,'Nusa Tenggara Timur','-8.654342','121.063385',1378351884,1378351884,1,1),(61,1,'Kalimantan Barat','-0.285643','111.455841',1378351884,1378351884,1,1),(62,1,'Kalimantan Tengah','-1.664195','113.356476',1378351884,1378351884,1,1),(63,1,'Kalimantan Selatan','-3.074695','115.268097',1378351884,1378351884,1,1),(64,1,'Kalimantan Timur','1.639486','116.396942',1378351884,1378351884,1,1),(71,1,'Sulawesi Utara','0.620715','123.961029',1378351884,1378351884,1,1),(72,1,'Sulawesi Tengah','-1.4116','121.436462',1378351884,1378351884,1,1),(73,1,'Sulawesi Selatan','-3.639518','119.997711',1378351884,1378351884,1,1),(74,1,'Sulawesi Tenggara','-4.134134','122.191086',1378351884,1378351884,1,1),(75,1,'Gorontalo','0.553084','123.062611',1378351884,1378351884,1,1),(76,1,'Sulawesi Barat','-2.841547','119.220657',1378351884,1378351884,1,1),(81,1,'Maluku','-3.236498','130.127106',1378351884,1378351884,1,1),(82,1,'Maluku Utara','1.598303','127.781067',1378351884,1378351884,1,1),(91,1,'Papua Barat','-1.329226','133.136902',1378351884,1378351884,1,1),(94,1,'Papua','-4.340934','139.322204',1378351884,1378351884,1,1);

/*Table structure for table `simpro_registration` */

DROP TABLE IF EXISTS `simpro_registration`;

CREATE TABLE `simpro_registration` (
  `id` int(11) NOT NULL AUTO_INCREMENT,
  `reg_no` varchar(50) DEFAULT NULL,
  `store_id` int(11) DEFAULT NULL,
  `date_in` datetime DEFAULT NULL,
  `has_payment` int(1) DEFAULT '0',
  `payment_amount` decimal(10,0) DEFAULT NULL,
  `sign_date_cust` datetime DEFAULT NULL,
  `sign_date_store` datetime DEFAULT NULL,
  `sign_date_sim` datetime DEFAULT NULL,
  `sign_name_sim` varchar(255) DEFAULT NULL,
  `full_name` varchar(255) DEFAULT NULL,
  `card_number` varchar(50) DEFAULT NULL,
  `address` text,
  `phone_number` varchar(50) DEFAULT NULL,
  `contact_number` varchar(50) DEFAULT NULL,
  `email_address` varchar(100) DEFAULT NULL,
  `simpro_category` varchar(255) DEFAULT NULL,
  `product_id` int(11) DEFAULT NULL,
  `sum_insured` decimal(10,0) DEFAULT NULL,
  `imei` varchar(255) DEFAULT NULL,
  `product_period_start` datetime DEFAULT NULL,
  `product_period_end` datetime DEFAULT NULL,
  `purchase_date` datetime DEFAULT NULL,
  `document_json` text,
  `check_point_json` text,
  `is_warranty` bit(1) DEFAULT b'0',
  `is_seal` bit(1) DEFAULT b'0',
  `created` datetime DEFAULT NULL,
  `updated` datetime DEFAULT NULL,
  `created_by` int(11) DEFAULT NULL,
  `updated_by` int(11) DEFAULT NULL,
  `is_deleted` bit(1) DEFAULT b'0',
  `status` enum('verified','not_verified') DEFAULT NULL,
  `kondisi` enum('new','used') DEFAULT NULL,
  PRIMARY KEY (`id`)
) ENGINE=InnoDB DEFAULT CHARSET=utf8;

/*Data for the table `simpro_registration` */

/*Table structure for table `store` */

DROP TABLE IF EXISTS `store`;

CREATE TABLE `store` (
  `id` int(11) NOT NULL AUTO_INCREMENT,
  `code` varchar(10) DEFAULT NULL,
  `store_name` varchar(255) DEFAULT NULL,
  `location` varchar(255) DEFAULT NULL,
  PRIMARY KEY (`id`)
) ENGINE=InnoDB AUTO_INCREMENT=3 DEFAULT CHARSET=utf8;

/*Data for the table `store` */

insert  into `store`(`id`,`code`,`store_name`,`location`) values (1,'SCKBJ','SC Comtech','Kebon Sirih'),(2,'SCABC','SC Karawaci','Karawaci, Tangerang');

/*Table structure for table `usergroup` */

DROP TABLE IF EXISTS `usergroup`;

CREATE TABLE `usergroup` (
  `id` int(11) NOT NULL AUTO_INCREMENT,
  `name` varchar(255) NOT NULL,
  `created` int(11) DEFAULT '0',
  `modified` int(11) DEFAULT '0',
  `created_by` int(11) DEFAULT '1',
  `modified_by` int(11) DEFAULT '1',
  PRIMARY KEY (`id`)
) ENGINE=MyISAM AUTO_INCREMENT=8 DEFAULT CHARSET=utf8;

/*Data for the table `usergroup` */

insert  into `usergroup`(`id`,`name`,`created`,`modified`,`created_by`,`modified_by`) values (1,'System',0,0,1,1),(2,'Super Administrator',0,0,1,1),(3,'Vendor',0,1473233095,1,2),(5,'Agent',0,0,1,1);

/*!40101 SET SQL_MODE=@OLD_SQL_MODE */;
/*!40014 SET FOREIGN_KEY_CHECKS=@OLD_FOREIGN_KEY_CHECKS */;
/*!40014 SET UNIQUE_CHECKS=@OLD_UNIQUE_CHECKS */;
/*!40111 SET SQL_NOTES=@OLD_SQL_NOTES */;
